zone,n_wells,gross_thickness_m_total,net_thickness_m_total,kh_mD_m_total,avg_phit_mean,avg_perm_kh_weighted_mD_mean,ntg_mean,ntg_field
A,7,738.000000,464.500000,266971.725640,0.171417,573.365239,0.630291,0.629404
B,7,765.300000,711.900000,10676694.607100,0.288412,14997.294822,0.930710,0.930223
C,7,1094.300000,915.000000,679837.021680,0.202814,742.944654,0.836140,0.836151
D,7,513.300000,52.900000,41.738670,0.092367,0.787308,0.103825,0.103059
E,7,839.100000,586.800000,1201733.147760,0.205193,2045.449316,0.698822,0.699321
