well,n_zones,gross_thickness_m_total,net_thickness_m_total,kh_mD_m_total,n_perm_saturated_total,ntg_well
1,5,530.000000,391.800000,2266041.960620,662.000000,0.739245
2,5,680.000000,462.000000,1763779.209200,466.000000,0.679412
3,5,390.000000,291.400000,1405632.432460,395.000000,0.747179
4,5,650.000000,438.200000,1670934.640180,457.000000,0.674154
5,5,530.000000,354.500000,1434682.601850,152.000000,0.668868
6,5,620.000000,407.800000,1692726.855420,454.000000,0.657742
7,5,550.000000,385.400000,2591480.541120,798.000000,0.700727
