well_id,n_samples_held_out,ari_vs_pooled,silhouette_lowo
1,709,0.963177,0.340931
2,482,0.992143,0.342683
3,409,1.000000,0.339127
4,484,0.984356,0.339777
5,161,1.000000,0.340038
6,475,1.000000,0.342303
7,851,0.995563,0.336520
