well_id,n_samples_held_out,ari_vs_pooled,silhouette_lowo
1,681,0.986708,0.234149
2,1047,0.951977,0.234503
3,634,0.966213,0.227491
4,996,0.956307,0.227361
5,315,0.981212,0.231435
6,779,0.984831,0.230464
7,516,0.982396,0.231975
