well_id,n_samples_held_out,ari_vs_pooled,silhouette_lowo
1,709,0.952622,0.236673
2,482,0.971032,0.243369
3,409,0.966767,0.234668
4,484,0.950354,0.220270
5,161,0.970521,0.226070
6,475,0.200264,0.248526
7,851,0.999074,0.218759
