well_id,n_samples_held_out,ari_vs_pooled,silhouette_lowo
1,681,0.986778,0.279399
2,1047,0.970855,0.276700
3,634,0.990238,0.274316
4,996,0.964743,0.273806
5,315,0.981279,0.277810
6,779,0.980275,0.275234
7,516,1.000000,0.276921
