k,kmeans_inertia,kmeans_silhouette,gmm_bic,gmm_silhouette
2,13244.319493,0.646000,-36014.597884,0.633381
3,9105.157016,0.340302,-37504.169682,0.232928
4,7320.380133,0.348190,-38440.396112,0.195053
5,5978.010841,0.295355,-46036.096328,0.157902
6,4994.849789,0.294878,-50510.710184,0.106159
7,4414.185365,0.290070,-54360.653215,0.063317
8,3968.371867,0.291686,-56745.111979,0.045994
