,vsh,vsh,vsh,phit,phit,phit,log_perm,log_perm,log_perm,sw,sw,sw,effective_porosity,effective_porosity,effective_porosity,hc_porosity,hc_porosity,hc_porosity
,mean,std,count,mean,std,count,mean,std,count,mean,std,count,mean,std,count,mean,std,count
cluster,,,,,,,,,,,,,,,,,,
0,0.509973,0.150893,1639,0.137684,0.025549,1639,1.854052,0.529195,1639,0.620191,0.136027,1639,0.067809,0.025389,1639,0.052738,0.022573,1639
1,0.331163,0.105793,1918,0.200935,0.023784,1918,2.364883,0.499344,1918,0.474514,0.130370,1918,0.134689,0.028242,1918,0.105152,0.027208,1918
2,0.216475,0.105059,1411,0.246312,0.024151,1411,2.872940,0.522999,1411,0.323887,0.124988,1411,0.193592,0.036115,1411,0.166057,0.033063,1411
